{
  "Author": "Konoko",
  "Compatibility": "Compatible",
  "Contributors": { "Idea": [ "Sideral9999" ] },
  "DefuserDifficulty": "Easy",
  "Description": "Match the hand sign with the corresponding letter. Tags: 2-arrows, letter, hand-sign",
  "ExpertDifficulty": "VeryEasy",
  "ModuleID": "signAlphabet",
  "Name": "Sign Alphabet",
  "Origin": "Mods",
  "Published": "2021-12-16",
  "SortKey": "SIGNALPHABET",
  "SourceUrl": "https://github.com/Gameplushy/SignLanguageMods",
  "SteamID": "2641361464",
  "Symbol": "Sia",
  "Type": "Needy"
}